"Timestamp","A1. Pick ONE sentence that matches your feeling when you open the Home screen:","A2. Which of these bother you? (tick as many as you like)","A3. If we could change ONE thing to make Home feel calmer, what would it be?","A4. Should all cards look the same (one size, one shape), like Apple?","A5. Should we stop shuffling the section order and keep it fixed?","A6. Should the blurred photo background stay?","A7. Do you use the ""Speed Dial"" grid?","B1. Every picture is different, but should the FRAME be the same?","B2. How round should the corners be?","B3. Should every thumbnail be the SAME SIZE, or can sections be bigger/smaller?","B4. How many tiles should fit in one row?","B5. Where should the title go?","B6. Should a tile have a visible card background?","B7. How long can a title be before it gets cut?","B8. The square vs rectangle question: some song videos are widescreen.","B9. If we had to keep only THREE kinds of things on Home, pick your three:","B10. The 30-second design test. What should the Home screen ""say"" to a friend opening the app?","C1. Does this problem feel real to you?","C2. What do you prefer?","C3. Should a user be able to pick the playlist background color themselves?","C4. If you chose ""no"" or ""not sure"" — what would convince you?","Auto color from cover (what we have now)","Pick one color per playlist yourself","Pick one app-wide color in Settings","Always neutral dark, no colors at all","C6. Where should the color option live?","D1. Use the cheat sheet on the idea you liked most from Part A, B or C.","I mostly use:","My phone is:","I am:","Free thoughts (anything this form missed):"
"2026/08/05 5:38:49 pm GMT+5:30","It feels a little busy / cluttered.","Nothing bothers me, it is fine","Remove simmilar to grids I have to see 4 to 6 simmilar to section that I don't want ","No — I like variety","Yes — fixed order, I can find things faster","Yes, I set it myself and love it","Yes, every day","Keep the mix — variety is part of the app personality","Medium — close to what we have now","Keep several sizes — big cards and small tiles mixed","I do not care — you decide","Below the artwork (Apple style — always readable)","","One line (short and tidy)","Square for everything EXCEPT videos (16:9)","Square picture tiles (album/playlist/artist);Big hero card (the ""star"" of the day);The Speed Dial grid","Unclutter ","No, I like that the color follows the picture","Color from the cover — lively, but I cannot control it","Yes — let me choose per playlist (playlist A = dark grey, playlist B = black)","","5","3","2","1","Inside the playlist edit menu (next to rename / change cover)","","Dark mode","A few years old","A casual listener","Ability to reorder homescreen and remove and add tiles and sections "
"2026/08/05 6:21:12 pm GMT+5:30","I get overwhelmed and scroll past most of it.","Too many different card sizes and shapes on one screen;Sections move around to random places every refresh;The ""Speed Dial"" grid looks like phone app icons, not music;Too many extras (promo card, floating button, chips)","First we need either curated for u or speed dial, then new popular song with some suggestions for u. Then new discoveries.","Yes, but keep small differences (circles for artists, squares for albums)","Yes — fixed order, I can find things faster","Yes, I set it myself and love it","I would use it more if it looked less like a phone app launcher","All rounded squares (""squircle"") — square but with softer corners (like Apple)","Very round — almost like a capsule, soft and friendly","One size everywhere — strongest rhythm, very Apple","4 per row — classic, balanced","Below the artwork (Apple style — always readable)","Artwork + faint card fill behind title — looks more like a ""card""","One line (short and tidy)","Square for everything EXCEPT videos (16:9)","Square picture tiles (album/playlist/artist);Song rows (small thumb + title + artist, like a queue);Big hero card (the ""star"" of the day)","I do not know where to look first.","No, I like that the color follows the picture","A mix — give me both choices","Yes — let me choose per playlist (playlist A = dark grey, playlist B = black)","","5","2","5","1","In Settings","1) with heavy blur, animation = expensive","Dark mode","New / high-end","A daily heavy user","Just dropped from your artists , Ranked by friends this should also in home page "
"2026/08/05 6:27:23 pm GMT+5:30","It feels alive and full of things to discover.","Nothing bothers me, it is fine","Write legendary Akspro on top
Jk
Add some effects like smoke,clouds moving etc","Yes, but keep small differences (circles for artists, squares for albums)","Keep shuffling but keep the TOP section fixed","Yes, I set it myself and love it","Sometimes","Keep circles for artists only — one allowed exception","Medium — close to what we have now","One size everywhere — strongest rhythm, very Apple","I do not care — you decide","Below, but keep ""on artwork"" only for the big hero card","Artwork + faint card fill behind title — looks more like a ""card""","One line (short and tidy)","Square for everything EXCEPT videos (16:9)","Square picture tiles (album/playlist/artist);Song rows (small thumb + title + artist, like a queue);The Speed Dial grid","Everything here is easy to find.","Yes! I have noticed the screen ""shouts"" a color I did not choose","A mix — give me both choices","Yes — let me choose per playlist (playlist A = dark grey, playlist B = black)","I chose yes 
I am here to say that 
Lynx is gay women
Ultimate gaylord goons to gays","3","5","4","4","Both","Gu gu ga ga 
I liked the playlist one(c) the bright colors makes my eyes burn. i have a better idea let the colors be of our own choice and let us choose 2 colors one at the top and one at the bottom let it blend as in the discord ,if we have nitro we can make colourful blend in our profile 
Its the best idea I can give
Gugu ga gaaaaaaaaaaaaa ","Dark mode","Low-end / old","A daily heavy user","Make a list of the users who use the app and listen to music the most 
It will make them use the app more and more"